epoch,train_loss,valid_loss,fbeta
1,0.073798,0.076953,0.788033
2,0.068138,0.075386,0.796812
3,0.070451,0.076797,0.799555
4,0.068668,0.098284,0.795329
5,0.072961,0.074252,0.799542
6,0.066612,0.075328,0.783057
7,0.063160,0.295823,0.708202
8,0.060929,0.154347,0.641508
9,0.060000,0.099437,0.682155
10,0.058043,0.079834,0.759905
11,0.057064,0.158585,0.531123
