epoch,train_loss,valid_loss,fbeta
1,0.529068,0.241152,0.347377
2,0.220873,0.169080,0.354528
