epoch,train_loss,valid_loss,fbeta
1,0.156571,0.158157,0.369323
2,0.155828,0.157344,0.364310
3,0.155215,0.157910,0.373511
4,0.154318,0.156361,0.369276
5,0.154341,0.155646,0.366948
