epoch,train_loss,valid_loss,fbeta
1,0.156877,0.163521,0.362354
2,0.156016,0.159908,0.366468
3,0.156649,0.158919,0.371865
4,0.155989,0.157081,0.363781
5,0.154481,0.156327,0.389597
6,0.153136,0.155162,0.391595
7,0.153085,0.154253,0.384184
8,0.151205,0.154092,0.396314
9,0.149423,0.152627,0.405903
10,0.149403,0.152245,0.397326
11,0.147719,0.151653,0.398626
12,0.146643,0.151894,0.403875
13,0.146720,0.151641,0.405199
