epoch,train_loss,valid_loss,fbeta
1,0.132807,0.114418,0.640693
2,0.131315,0.115306,0.666747
3,0.130420,0.111575,0.659367
4,0.123346,0.108124,0.678298
5,0.124317,0.114819,0.644309
6,0.124743,0.177897,0.667622
7,0.125675,0.203178,0.687012
8,0.117247,1.739555,0.647013
9,0.113947,0.311649,0.676272
10,0.116861,0.298708,0.680477
