epoch,train_loss,valid_loss,fbeta
1,0.153066,0.491819,0.538340
2,0.152982,0.382676,0.559197
3,0.143079,0.159873,0.596255
4,0.142783,0.170340,0.607865
5,0.137749,0.991881,0.620544
6,0.131410,0.758593,0.603119
7,0.140951,2.072380,0.611270
8,0.134032,0.224432,0.645073
9,0.131741,0.222888,0.646607
