epoch,train_loss,valid_loss,fbeta
1,0.100167,0.118970,0.681577
2,0.098371,0.096457,0.689508
3,0.095059,0.088818,0.696741
4,0.092379,0.098174,0.701440
5,0.092425,0.088169,0.696433
6,0.090326,0.088144,0.700646
7,0.090784,0.088345,0.697571
8,0.088174,0.085230,0.703733
9,0.085800,0.085110,0.706863
10,0.085346,0.084015,0.713553
11,0.084607,0.083962,0.712619
12,0.084742,0.085821,0.713887
13,0.083086,0.088636,0.709012
14,0.083012,0.085427,0.716890
15,0.083662,0.084447,0.714962
