epoch,train_loss,valid_loss,fbeta
1,0.108534,0.104590,0.635930
2,0.107738,0.107869,0.629506
3,0.107003,0.106523,0.628206
4,0.109683,0.104477,0.625401
5,0.104994,0.101254,0.645508
6,0.103656,0.096282,0.666969
7,0.101673,0.093822,0.680140
8,0.101882,0.093350,0.678925
9,0.097728,0.092293,0.674055
10,0.095456,0.090225,0.691410
11,0.094314,0.088699,0.698398
12,0.091482,0.088046,0.698596
13,0.091213,0.087097,0.702337
14,0.090055,0.086864,0.702644
15,0.090447,0.086970,0.705773
