epoch,train_loss,valid_loss,fbeta
1,0.080939,0.085251,0.732964
2,0.081398,0.081801,0.733365
3,0.084122,0.082391,0.729502
4,0.082400,0.083027,0.727978
5,0.083484,0.082573,0.727078
6,0.083756,0.085169,0.730540
7,0.079377,0.116891,0.733705
