epoch,train_loss,valid_loss,fbeta
1,0.104390,0.240036,0.325646
2,0.105259,0.741183,0.265735
3,0.107537,0.699086,0.000000
4,0.104570,48.017742,0.254529
5,0.103176,66.889374,0.000000
