epoch,train_loss,valid_loss,fbeta
1,0.079961,0.079241,0.734609
2,0.081138,0.078979,0.737679
3,0.081053,0.080157,0.732186
4,0.079466,0.080954,0.728682
5,0.079656,0.080862,0.733437
6,0.078790,0.080772,0.734731
7,0.077728,0.080416,0.734529
