epoch,train_loss,valid_loss,fbeta
1,0.162696,0.181466,0.434403
2,0.114832,0.114963,0.598992
3,0.108683,0.101833,0.640978
4,0.104017,0.096260,0.673209
5,0.101498,0.096909,0.676267
6,0.098831,0.090485,0.696513
7,0.096676,0.090345,0.702436
8,0.095902,0.088469,0.700022
9,0.093892,0.086716,0.714109
10,0.089338,0.083417,0.721857
11,0.088833,0.082200,0.720456
12,0.088445,0.081476,0.727301
13,0.086038,0.081113,0.723596
14,0.085597,0.080671,0.722353
15,0.084055,0.080572,0.725325
