epoch,train_loss,valid_loss,fbeta
1,0.079838,0.081005,0.726408
2,0.080581,0.080324,0.728931
3,0.081602,0.081886,0.729843
4,0.080210,0.080781,0.726076
5,0.079714,0.081666,0.727577
6,0.076937,0.081691,0.728093
7,0.080165,0.082008,0.725052
