epoch,train_loss,valid_loss,fbeta
1,0.159459,0.160844,0.363901
2,0.159188,0.160006,0.368964
3,0.158304,0.159033,0.370439
4,0.157121,0.159631,0.375837
5,0.156919,0.157471,0.368935
6,0.156122,0.156929,0.377720
7,0.154156,0.155502,0.381569
8,0.154289,0.155177,0.384050
9,0.153162,0.154613,0.381549
10,0.152001,0.154616,0.385051
11,0.151074,0.154197,0.385013
