epoch,train_loss,valid_loss,fbeta
1,0.142112,0.148973,0.441869
2,0.129016,0.127140,0.544378
