epoch,train_loss,valid_loss,fbeta
1,0.117693,0.112442,0.608998
2,0.114704,0.112619,0.602947
3,0.111936,0.111761,0.595906
4,0.110209,0.110047,0.626728
5,0.110730,0.102972,0.641683
6,0.108865,0.104209,0.635785
7,0.106396,0.100718,0.654357
8,0.103251,0.098888,0.662412
9,0.100032,0.099495,0.664973
10,0.101348,0.094321,0.677632
11,0.097803,0.093208,0.674362
12,0.094169,0.091916,0.687802
13,0.094313,0.092042,0.683247
14,0.094506,0.091101,0.688632
15,0.092198,0.091112,0.685644
