epoch,train_loss,valid_loss,fbeta
1,0.151297,0.153751,0.395155
2,0.151102,0.153608,0.392417
3,0.150539,0.153117,0.398669
4,0.150923,0.153720,0.395924
5,0.150939,0.153808,0.395509
