epoch,train_loss,valid_loss,fbeta
1,0.138063,0.126754,0.540793
2,0.118840,0.108397,0.633332
3,0.112730,0.102129,0.648075
4,0.113962,0.115378,0.591985
5,0.113051,0.199204,0.554902
6,0.112452,0.150569,0.475122
7,0.107371,0.177120,0.369521
