epoch,train_loss,valid_loss,fbeta
1,0.280116,0.169845,0.344568
2,0.183842,0.165980,0.343729
3,0.168949,0.162900,0.346964
