epoch,train_loss,valid_loss,fbeta
1,0.141019,0.195596,0.458946
2,0.141197,0.297997,0.458033
3,0.140777,0.274168,0.458479
4,0.140861,0.145741,0.460505
5,0.139210,0.183612,0.467410
6,0.141476,0.142779,0.465701
7,0.138448,0.329919,0.464213
8,0.138400,0.160376,0.471977
9,0.138811,0.148823,0.477403
10,0.138384,0.158259,0.476468
11,0.137414,0.196607,0.480724
12,0.138176,0.143327,0.480167
13,0.136996,0.145477,0.481300
