epoch,train_loss,valid_loss,fbeta
1,0.137569,0.250298,0.617139
2,0.137820,0.210719,0.620595
3,0.132859,0.124675,0.645731
4,0.132805,0.145406,0.644367
5,0.133485,0.389899,0.623740
6,0.120302,0.265550,0.656133
7,0.122533,1.360301,0.633593
